{
  "model_type": "from_scratch_logistic_regression",
  "feature_names": [
    "created_month",
    "is_winter",
    "has_descriptor",
    "is_residential_location",
    "complaint_appliance",
    "complaint_door_window",
    "complaint_electric",
    "complaint_flooring_stairs",
    "complaint_general",
    "complaint_heat_hot_water",
    "complaint_paint_plaster",
    "complaint_plumbing",
    "complaint_unsanitary_condition",
    "complaint_water_leak",
    "borough_bronx",
    "borough_brooklyn",
    "borough_manhattan",
    "borough_queens",
    "borough_staten_island",
    "channel_mobile",
    "channel_online",
    "channel_phone",
    "channel_unknown"
  ],
  "weights": [
    -0.073638,
    0.208111,
    0.0,
    0.0,
    0.053374,
    0.018904,
    0.133435,
    0.006037,
    0.058273,
    -0.587943,
    -0.144575,
    0.223339,
    0.513652,
    0.289363,
    -0.050148,
    0.051186,
    -0.010828,
    0.034154,
    -0.044331,
    -0.072292,
    -0.026134,
    0.061539,
    0.0
  ],
  "bias": 1.170254,
  "mean": [
    4.189227,
    0.600853,
    1.0,
    1.0,
    0.032827,
    0.070507,
    0.04272,
    0.041467,
    0.05384,
    0.324027,
    0.084453,
    0.107067,
    0.162587,
    0.058293,
    0.353947,
    0.2696,
    0.236133,
    0.125067,
    0.015253,
    0.0632,
    0.481173,
    0.455627,
    0.0
  ],
  "scale": [
    2.837949,
    0.489723,
    1.0,
    1.0,
    0.178183,
    0.255999,
    0.202225,
    0.199367,
    0.225702,
    0.46801,
    0.278066,
    0.309198,
    0.368988,
    0.234297,
    0.478193,
    0.443752,
    0.424705,
    0.330794,
    0.122559,
    0.243322,
    0.499645,
    0.498027,
    1.0
  ],
  "metrics": {
    "accuracy": 0.7666,
    "precision": 0.799,
    "recall": 0.905,
    "f1": 0.8487,
    "tp": 8179,
    "tn": 1404,
    "fp": 2058,
    "fn": 859
  },
  "privacy_note": "Public NYC 311/HPD service-request data only. Human review required for any operational use."
}